"","kit_id","transect_location","wsoc_perc_error","wson_perc_error","wsoc_field_perc_error","wson_field_perc_error"
"1","K018","Transition",4.43239618941531,3.93931768078577,4.43239618941532,3.93931768078577
"2","K026","Wetland",2.85564345584332,2.83386909193156,2.85564345584333,2.83386909193158
"3","K035","Upland",0.939884763446116,3.78335995463385,0.939884763446109,3.78335995463385
