"","kit_id","transect_location","wsoc_perc_error","wson_perc_error"
"1","K018","Transition",4.43239618941531,3.93931768078577
"2","K026","Wetland",2.85564345584335,2.83386909193158
"3","K035","Upland",0.93988476344615,3.78335995463383
